{"stats":{"minecraft:crafted":{"minecraft:furnace":2,"minecraft:stone_pickaxe":3,"minecraft:crafting_table":2,"farmersdelight:iron_knife":1,"minecraft:wooden_pickaxe":4,"minecraft:birch_planks":48,"minecraft:stone_axe":2,"minecraft:charcoal":2,"minecraft:stick":20,"minecraft:iron_ingot":3,"minecraft:stone_sword":1,"minecraft:torch":12},"minecraft:killed_by":{"minecraft:player":4,"minecraft:creeper":2,"hordes:zombie_player":1,"minecraft:skeleton":8,"minecraft:zombie":5},"minecraft:picked_up":{"minecraft:coarse_dirt":8,"minecraft:crafting_table":5,"minecraft:clay_ball":48,"minecraft:brown_mushroom":2,"minecraft:string":1,"minecraft:moss_carpet":3,"minecraft:wooden_sword":1,"pointblank:p90":1,"minecraft:cobbled_deepslate":3,"minecraft:beef":15,"minecraft:azalea":3,"pointblank:tti_viper":1,"minecraft:birch_sapling":6,"minecraft:furnace":1,"minecraft:stick":38,"minecraft:raw_iron":1,"projectvibrantjourneys:bark_mushroom":2,"minecraft:torch":5,"minecraft:porkchop":11,"pointblank:gunmetal_nugget":30,"minecraft:stone_sword":1,"minecraft:arrow":2,"minecraft:rotten_flesh":10,"minecraft:tropical_fish":6,"k_turrets:raw_titanium":14,"create:asurine":1,"projectvibrantjourneys:cattail":1,"minecraft:glow_berries":3,"minecraft:mutton":9,"minecraft:cod":1,"alexsmobs:flying_fish":2,"minecraft:white_wool":2,"minecraft:cobblestone":254,"minecraft:birch_log":69,"pointblank:m4sopmodii":2,"minecraft:cooked_beef":5,"minecraft:feather":2,"minecraft:lilac":2,"minecraft:leather":9,"minecraft:birch_planks":1,"minecraft:tuff":1,"minecraft:oak_log":64,"minecraft:gunpowder":1,"minecraft:dirt":31,"minecraft:leather_boots":1,"minecraft:cooked_mutton":3,"minecraft:bone":1,"farmersdelight:iron_knife":2,"minecraft:wheat_seeds":11,"minecraft:iron_ingot":1,"minecraft:stone_pickaxe":4,"tacz:gun_smith_table":1,"minecraft:moss_block":28,"minecraft:flowering_azalea":1,"projectvibrantjourneys:light_brown_bark_mushroom":1,"pointblank:glock17":2,"minecraft:cooked_porkchop":3,"minecraft:sweet_berries":7,"psg:raw_potassium":5,"alexsmobs:animal_dictionary":1,"minecraft:mossy_cobblestone":1,"create:crimsite":43,"minecraft:stone_axe":1,"projectvibrantjourneys:orange_bark_mushroom":2,"minecraft:coal":14},"minecraft:used":{"minecraft:azalea":2,"minecraft:moss_block":17,"minecraft:moss_carpet":3,"mutantsbuff:mutant_charged_creeper_spawn_egg":1,"minecraft:stone_sword":1,"minecraft:tropical_fish":2,"tacz:gun_smith_table":5,"minecraft:stone":2,"minecraft:rotten_flesh":3,"minecraft:torch":3,"minecraft:dirt":2,"projectvibrantjourneys:bark_mushroom":1,"minecraft:birch_sapling":4,"minecraft:beef":5,"minecraft:sweet_berries":9,"minecraft:furnace":3,"minecraft:cobbled_deepslate":3,"minecraft:cooked_mutton":3,"farmersdelight:iron_knife":19,"projectvibrantjourneys:light_brown_bark_mushroom":1,"minecraft:birch_planks":12,"minecraft:stone_pickaxe":213,"create:crimsite":43,"minecraft:wooden_pickaxe":67,"minecraft:glow_berries":3,"minecraft:crafting_table":5,"minecraft:cod":1,"max_armory:netherite_shamshir":32,"alexsmobs:flying_fish":2,"create:asurine":1,"minecraft:lilac":1,"minecraft:stone_axe":82,"minecraft:wooden_sword":1,"minecraft:cobblestone":5,"minecraft:porkchop":1,"minecraft:coarse_dirt":3},"minecraft:custom":{"minecraft:mob_kills":42,"minecraft:interact_with_crafting_table":13,"minecraft:damage_dealt_resisted":316,"minecraft:leave_game":2,"minecraft:time_since_death":54513,"minecraft:climb_one_cm":599,"minecraft:sprint_one_cm":176406,"minecraft:walk_one_cm":235988,"minecraft:drop":65,"minecraft:play_time":133079,"minecraft:deaths":22,"minecraft:sneak_time":7510,"minecraft:walk_under_water_one_cm":26190,"minecraft:jump":1192,"minecraft:walk_on_water_one_cm":47883,"minecraft:total_world_time":133079,"minecraft:interact_with_furnace":16,"minecraft:time_since_rest":54559,"minecraft:damage_taken":6359,"minecraft:damage_dealt":4299,"minecraft:swim_one_cm":104303,"minecraft:fly_one_cm":123508,"minecraft:player_kills":4,"minecraft:open_chest":4,"minecraft:crouch_one_cm":11314,"minecraft:fall_one_cm":37038},"minecraft:mined":{"minecraft:tuff":1,"minecraft:mossy_cobblestone":1,"projectvibrantjourneys:rocks":3,"minecraft:grass_block":4,"minecraft:moss_block":32,"minecraft:furnace":1,"minecraft:iron_ore":1,"create:asurine":1,"minecraft:azalea":2,"minecraft:stone":124,"minecraft:podzol":6,"minecraft:brown_mushroom":1,"minecraft:clay":11,"minecraft:crafting_table":4,"minecraft:tall_grass":25,"minecraft:cobblestone":16,"projectvibrantjourneys:light_brown_bark_mushroom":1,"minecraft:coarse_dirt":8,"minecraft:birch_log":70,"minecraft:lilac":1,"minecraft:grass":34,"minecraft:coal_ore":9,"projectvibrantjourneys:short_grass":21,"minecraft:dirt":21,"minecraft:small_dripleaf":1,"create:crimsite":29,"minecraft:oak_leaves":1,"minecraft:deepslate":1,"minecraft:fern":1},"minecraft:killed":{"hordes:zombie_player":6,"minecraft:cod":1,"minecraft:phantom":1,"minecraft:skeleton":2,"minecraft:guardian":3,"alexsmobs:blue_jay":1,"minecraft:drowned":3,"minecraft:tropical_fish":1,"alexsmobs:flying_fish":2,"minecraft:pig":2,"alexsmobs:skunk":2,"minecraft:zombie":9,"mutantmonsters:mutant_creeper":1,"minecraft:cow":7},"minecraft:broken":{"minecraft:wooden_pickaxe":1,"minecraft:stone_pickaxe":1},"minecraft:dropped":{"minecraft:iron_ingot":2,"minecraft:moss_block":29,"minecraft:porkchop":7,"minecraft:wheat_seeds":2,"minecraft:oak_log":64,"pointblank:m4sopmodii":4,"minecraft:crafting_table":1,"pointblank:glock17":2,"minecraft:netherite_helmet":1,"minecraft:netherite_chestplate":1,"minecraft:cobblestone":47,"minecraft:tropical_fish":4,"projectvibrantjourneys:orange_bark_mushroom":1,"minecraft:stick":21,"mutantsbuff:charged_hammer":1,"minecraft:dirt":4,"minecraft:mutton":6,"minecraft:netherite_boots":1,"minecraft:white_wool":2,"minecraft:stone_axe":1,"pointblank:tti_viper":2,"minecraft:stone_sword":1,"alexsmobs:animal_dictionary":1,"minecraft:raw_iron":1,"minecraft:rotten_flesh":2,"pointblank:gunmetal_nugget":18,"minecraft:netherite_leggings":1,"securitycraft:codebreaker":1,"minecraft:big_dripleaf":4,"pointblank:m134minigun":1,"minecraft:wooden_pickaxe":1}},"DataVersion":3465}