{"stats":{"minecraft:crafted":{"minecraft:crafting_table":2,"farmersdelight:iron_knife":1,"minecraft:wooden_pickaxe":3,"minecraft:furnace":2,"minecraft:birch_planks":40,"minecraft:stone_axe":2,"minecraft:charcoal":2,"minecraft:stick":16,"minecraft:iron_ingot":3,"minecraft:stone_pickaxe":2,"minecraft:stone_sword":1,"minecraft:torch":12},"minecraft:killed_by":{"minecraft:player":2,"minecraft:skeleton":4,"minecraft:creeper":2,"minecraft:zombie":5,"hordes:zombie_player":1},"minecraft:picked_up":{"minecraft:birch_log":67,"minecraft:crafting_table":4,"minecraft:coarse_dirt":8,"minecraft:feather":2,"minecraft:lilac":1,"minecraft:clay_ball":48,"minecraft:brown_mushroom":2,"minecraft:birch_planks":1,"minecraft:tuff":1,"minecraft:dirt":27,"minecraft:moss_carpet":1,"minecraft:wooden_sword":1,"minecraft:leather_boots":1,"minecraft:bone":1,"farmersdelight:iron_knife":2,"pointblank:p90":1,"minecraft:cobbled_deepslate":3,"minecraft:stone_pickaxe":3,"minecraft:moss_block":2,"minecraft:birch_sapling":6,"minecraft:flowering_azalea":1,"minecraft:furnace":1,"projectvibrantjourneys:light_brown_bark_mushroom":1,"minecraft:stick":18,"psg:raw_potassium":5,"projectvibrantjourneys:bark_mushroom":2,"minecraft:torch":5,"pointblank:gunmetal_nugget":14,"alexsmobs:animal_dictionary":1,"create:crimsite":43,"minecraft:rotten_flesh":5,"minecraft:tropical_fish":4,"k_turrets:raw_titanium":14,"create:asurine":1,"projectvibrantjourneys:orange_bark_mushroom":2,"minecraft:glow_berries":1,"minecraft:coal":8,"minecraft:cod":1,"alexsmobs:flying_fish":2,"minecraft:cobblestone":189},"minecraft:used":{"farmersdelight:iron_knife":19,"minecraft:moss_carpet":1,"projectvibrantjourneys:light_brown_bark_mushroom":1,"minecraft:stone_sword":1,"minecraft:birch_planks":10,"minecraft:tropical_fish":1,"minecraft:stone_pickaxe":94,"create:crimsite":43,"minecraft:wooden_pickaxe":65,"minecraft:rotten_flesh":3,"minecraft:torch":3,"minecraft:glow_berries":1,"minecraft:dirt":2,"minecraft:crafting_table":5,"projectvibrantjourneys:bark_mushroom":1,"minecraft:cod":1,"alexsmobs:flying_fish":2,"minecraft:birch_sapling":4,"create:asurine":1,"minecraft:lilac":1,"minecraft:stone_axe":82,"minecraft:wooden_sword":1,"minecraft:cobblestone":1,"minecraft:furnace":3,"minecraft:coarse_dirt":3,"minecraft:cobbled_deepslate":3},"minecraft:custom":{"minecraft:interact_with_furnace":12,"minecraft:mob_kills":16,"minecraft:interact_with_crafting_table":11,"minecraft:damage_dealt_resisted":1,"minecraft:leave_game":1,"minecraft:time_since_death":3373,"minecraft:climb_one_cm":523,"minecraft:time_since_rest":3412,"minecraft:sprint_one_cm":82413,"minecraft:damage_taken":4290,"minecraft:walk_one_cm":136785,"minecraft:drop":20,"minecraft:damage_dealt":1570,"minecraft:player_kills":1,"minecraft:swim_one_cm":35811,"minecraft:fly_one_cm":49544,"minecraft:open_chest":3,"minecraft:crouch_one_cm":8396,"minecraft:play_time":68606,"minecraft:deaths":16,"minecraft:sneak_time":3476,"minecraft:walk_under_water_one_cm":8487,"minecraft:jump":652,"minecraft:walk_on_water_one_cm":30320,"minecraft:total_world_time":68606,"minecraft:fall_one_cm":18620},"minecraft:mined":{"minecraft:podzol":6,"minecraft:tuff":1,"minecraft:brown_mushroom":1,"projectvibrantjourneys:rocks":2,"minecraft:clay":11,"minecraft:crafting_table":4,"minecraft:grass_block":2,"minecraft:tall_grass":2,"minecraft:moss_block":1,"projectvibrantjourneys:light_brown_bark_mushroom":1,"minecraft:coarse_dirt":8,"minecraft:furnace":1,"minecraft:birch_log":70,"minecraft:lilac":1,"create:asurine":1,"minecraft:grass":6,"minecraft:coal_ore":7,"projectvibrantjourneys:short_grass":15,"minecraft:dirt":19,"minecraft:stone":110,"create:crimsite":29,"minecraft:deepslate":1},"minecraft:killed":{"hordes:zombie_player":4,"alexsmobs:skunk":2,"minecraft:cod":1,"minecraft:skeleton":1,"alexsmobs:blue_jay":1,"minecraft:zombie":3,"minecraft:tropical_fish":1,"alexsmobs:flying_fish":2},"minecraft:broken":{"minecraft:wooden_pickaxe":1},"minecraft:dropped":{"minecraft:iron_ingot":2,"alexsmobs:animal_dictionary":1,"minecraft:cobblestone":1,"minecraft:tropical_fish":3,"projectvibrantjourneys:orange_bark_mushroom":1,"pointblank:gunmetal_nugget":12,"minecraft:stick":1}},"DataVersion":3465}