{"stats":{"minecraft:crafted":{"minecraft:birch_planks":20,"minecraft:stone_axe":1,"minecraft:crafting_table":1,"minecraft:stick":8,"minecraft:wooden_pickaxe":2},"minecraft:picked_up":{"minecraft:birch_log":24,"minecraft:stick":2,"minecraft:coarse_dirt":7,"projectvibrantjourneys:bark_mushroom":1,"projectvibrantjourneys:orange_bark_mushroom":1,"minecraft:birch_sapling":2,"minecraft:dirt":14,"alexsmobs:animal_dictionary":1,"minecraft:cobblestone":54},"minecraft:used":{"minecraft:stone_axe":24,"minecraft:crafting_table":1,"minecraft:wooden_pickaxe":55,"minecraft:coarse_dirt":2},"minecraft:mined":{"minecraft:podzol":5,"minecraft:grass":4,"projectvibrantjourneys:short_grass":14,"minecraft:coarse_dirt":7,"minecraft:dirt":9,"minecraft:birch_log":24,"minecraft:stone":54,"projectvibrantjourneys:rocks":1},"minecraft:custom":{"minecraft:time_since_rest":8606,"minecraft:sprint_one_cm":2203,"minecraft:play_time":8606,"minecraft:walk_one_cm":4641,"minecraft:sneak_time":14,"minecraft:drop":1,"minecraft:jump":14,"minecraft:leave_game":1,"minecraft:time_since_death":8606,"minecraft:total_world_time":8606,"minecraft:interact_with_crafting_table":3,"minecraft:fly_one_cm":28},"minecraft:dropped":{"alexsmobs:animal_dictionary":1}},"DataVersion":3465}