{"stats":{"minecraft:mined":{"minecraft:furnace":1,"minecraft:iron_ore":3,"minecraft:spruce_log":7,"minecraft:dark_oak_log":6,"minecraft:andesite":1,"minecraft:crafting_table":3,"minecraft:grass":1,"minecraft:coal_ore":8,"minecraft:grass_block":1,"projectvibrantjourneys:short_grass":2,"minecraft:spruce_leaves":4,"minecraft:stone":54},"minecraft:crafted":{"minecraft:crafting_table":1,"minecraft:spruce_planks":16,"minecraft:stick":12,"minecraft:iron_pickaxe":1,"minecraft:iron_ingot":3,"minecraft:wooden_pickaxe":1,"minecraft:stone_pickaxe":1,"minecraft:stone_sword":1,"minecraft:furnace":1,"minecraft:torch":4,"minecraft:stone_axe":1},"minecraft:dropped":{"minecraft:wooden_pickaxe":1},"minecraft:used":{"minecraft:stone_sword":5,"minecraft:bread":2,"minecraft:stone_pickaxe":64,"minecraft:wooden_pickaxe":3,"minecraft:stone_axe":8,"minecraft:torch":2,"minecraft:cobblestone":13,"minecraft:crafting_table":3,"minecraft:furnace":1,"alexsmobs:animal_dictionary":1},"minecraft:picked_up":{"minecraft:crafting_table":3,"minecraft:raw_iron":3,"minecraft:andesite":1,"minecraft:spruce_log":7,"minecraft:dark_oak_log":6,"minecraft:dirt":1,"minecraft:coal":11,"minecraft:cobblestone":53,"minecraft:furnace":1},"minecraft:custom":{"minecraft:time_since_rest":810,"minecraft:interact_with_furnace":3,"minecraft:sprint_one_cm":17671,"minecraft:damage_taken":279,"minecraft:walk_one_cm":25907,"minecraft:drop":1,"minecraft:damage_dealt":161,"minecraft:interact_with_crafting_table":6,"minecraft:fly_one_cm":6623,"minecraft:crouch_one_cm":61,"minecraft:play_time":17346,"minecraft:deaths":1,"minecraft:sneak_time":20,"minecraft:jump":134,"minecraft:time_since_death":425,"minecraft:walk_on_water_one_cm":1061,"minecraft:total_world_time":17346,"minecraft:fall_one_cm":1173},"minecraft:killed_by":{"minecraft:pillager":1}},"DataVersion":3465}