{"stats":{"minecraft:crafted":{"minecraft:crafting_table":2,"farmersdelight:iron_knife":1,"minecraft:wooden_pickaxe":4,"minecraft:furnace":2,"minecraft:birch_planks":48,"minecraft:stone_axe":2,"minecraft:charcoal":2,"minecraft:stick":20,"minecraft:iron_ingot":3,"minecraft:stone_pickaxe":3,"minecraft:stone_sword":1,"minecraft:torch":12},"minecraft:killed_by":{"minecraft:player":4,"minecraft:skeleton":8,"minecraft:creeper":2,"minecraft:zombie":5,"hordes:zombie_player":1},"minecraft:picked_up":{"minecraft:birch_log":69,"minecraft:crafting_table":4,"minecraft:coarse_dirt":8,"minecraft:feather":2,"minecraft:lilac":1,"minecraft:clay_ball":48,"minecraft:leather":9,"minecraft:brown_mushroom":2,"minecraft:birch_planks":1,"minecraft:tuff":1,"minecraft:gunpowder":1,"minecraft:string":1,"minecraft:dirt":28,"minecraft:moss_carpet":3,"minecraft:wooden_sword":1,"minecraft:cooked_mutton":3,"minecraft:leather_boots":1,"minecraft:bone":1,"farmersdelight:iron_knife":2,"minecraft:wheat_seeds":11,"pointblank:p90":1,"minecraft:cobbled_deepslate":3,"minecraft:beef":15,"minecraft:stone_pickaxe":3,"minecraft:azalea":3,"pointblank:tti_viper":1,"minecraft:moss_block":28,"minecraft:birch_sapling":6,"minecraft:flowering_azalea":1,"minecraft:furnace":1,"minecraft:raw_iron":1,"projectvibrantjourneys:light_brown_bark_mushroom":1,"minecraft:stick":18,"pointblank:glock17":2,"minecraft:cooked_porkchop":3,"minecraft:sweet_berries":7,"psg:raw_potassium":5,"projectvibrantjourneys:bark_mushroom":2,"minecraft:torch":5,"minecraft:porkchop":3,"pointblank:gunmetal_nugget":30,"minecraft:mossy_cobblestone":1,"alexsmobs:animal_dictionary":1,"minecraft:arrow":2,"create:crimsite":43,"minecraft:rotten_flesh":8,"minecraft:tropical_fish":6,"k_turrets:raw_titanium":14,"minecraft:mutton":6,"create:asurine":1,"minecraft:white_wool":2,"minecraft:cooked_beef":5,"projectvibrantjourneys:orange_bark_mushroom":2,"minecraft:glow_berries":3,"minecraft:coal":10,"minecraft:cod":1,"pointblank:m4sopmodii":1,"alexsmobs:flying_fish":2,"minecraft:cobblestone":234},"minecraft:used":{"minecraft:azalea":2,"farmersdelight:iron_knife":19,"minecraft:moss_carpet":3,"projectvibrantjourneys:light_brown_bark_mushroom":1,"minecraft:stone_sword":1,"minecraft:birch_planks":10,"minecraft:tropical_fish":2,"minecraft:stone_pickaxe":207,"create:crimsite":43,"minecraft:wooden_pickaxe":67,"minecraft:rotten_flesh":3,"minecraft:torch":3,"minecraft:glow_berries":3,"minecraft:dirt":2,"minecraft:crafting_table":5,"projectvibrantjourneys:bark_mushroom":1,"minecraft:cod":1,"alexsmobs:flying_fish":2,"minecraft:birch_sapling":4,"create:asurine":1,"minecraft:lilac":1,"minecraft:stone_axe":82,"minecraft:wooden_sword":1,"minecraft:cobblestone":1,"minecraft:beef":5,"minecraft:sweet_berries":9,"minecraft:porkchop":1,"minecraft:furnace":3,"minecraft:cooked_mutton":2,"minecraft:coarse_dirt":3,"minecraft:cobbled_deepslate":3,"minecraft:moss_block":17},"minecraft:custom":{"minecraft:interact_with_furnace":16,"minecraft:mob_kills":32,"minecraft:interact_with_crafting_table":13,"minecraft:damage_dealt_resisted":47,"minecraft:leave_game":1,"minecraft:time_since_death":26040,"minecraft:climb_one_cm":599,"minecraft:time_since_rest":26086,"minecraft:sprint_one_cm":165496,"minecraft:damage_taken":6099,"minecraft:walk_one_cm":216653,"minecraft:drop":45,"minecraft:damage_dealt":2719,"minecraft:player_kills":3,"minecraft:swim_one_cm":37853,"minecraft:fly_one_cm":116570,"minecraft:open_chest":4,"minecraft:crouch_one_cm":9696,"minecraft:play_time":104606,"minecraft:deaths":22,"minecraft:sneak_time":4586,"minecraft:walk_under_water_one_cm":13045,"minecraft:jump":1101,"minecraft:walk_on_water_one_cm":41346,"minecraft:total_world_time":104606,"minecraft:fall_one_cm":32951},"minecraft:mined":{"minecraft:podzol":6,"minecraft:tuff":1,"minecraft:brown_mushroom":1,"minecraft:mossy_cobblestone":1,"projectvibrantjourneys:rocks":3,"minecraft:clay":11,"minecraft:crafting_table":4,"minecraft:grass_block":3,"minecraft:cobblestone":16,"minecraft:tall_grass":25,"minecraft:moss_block":32,"projectvibrantjourneys:light_brown_bark_mushroom":1,"minecraft:coarse_dirt":8,"minecraft:furnace":1,"minecraft:birch_log":70,"minecraft:iron_ore":1,"minecraft:lilac":1,"create:asurine":1,"minecraft:grass":34,"minecraft:coal_ore":9,"projectvibrantjourneys:short_grass":21,"minecraft:dirt":19,"minecraft:azalea":2,"minecraft:fern":1,"minecraft:stone":123,"minecraft:small_dripleaf":1,"create:crimsite":29,"minecraft:deepslate":1},"minecraft:killed":{"minecraft:pig":2,"hordes:zombie_player":5,"alexsmobs:skunk":2,"minecraft:cod":1,"minecraft:phantom":1,"minecraft:skeleton":2,"alexsmobs:blue_jay":1,"minecraft:zombie":7,"minecraft:cow":7,"minecraft:tropical_fish":1,"alexsmobs:flying_fish":2},"minecraft:broken":{"minecraft:wooden_pickaxe":1},"minecraft:dropped":{"minecraft:iron_ingot":2,"minecraft:porkchop":7,"pointblank:tti_viper":2,"minecraft:wheat_seeds":2,"pointblank:m4sopmodii":3,"alexsmobs:animal_dictionary":1,"pointblank:glock17":2,"minecraft:rotten_flesh":2,"minecraft:cobblestone":43,"minecraft:tropical_fish":4,"projectvibrantjourneys:orange_bark_mushroom":1,"pointblank:gunmetal_nugget":18,"minecraft:stick":1,"minecraft:mutton":6}},"DataVersion":3465}