{"stats":{"minecraft:crafted":{"minecraft:crafting_table":2,"minecraft:wooden_pickaxe":3,"minecraft:furnace":2,"minecraft:birch_planks":36,"minecraft:stone_axe":2,"minecraft:charcoal":2,"minecraft:stick":16,"minecraft:stone_pickaxe":1,"minecraft:stone_sword":1,"minecraft:torch":12},"minecraft:killed_by":{"minecraft:player":1,"minecraft:zombie":1,"hordes:zombie_player":1},"minecraft:picked_up":{"minecraft:birch_log":67,"minecraft:crafting_table":4,"minecraft:coarse_dirt":8,"minecraft:feather":1,"minecraft:lilac":1,"minecraft:brown_mushroom":1,"minecraft:tuff":1,"minecraft:dirt":27,"minecraft:moss_carpet":1,"minecraft:cobbled_deepslate":2,"minecraft:moss_block":1,"minecraft:birch_sapling":6,"minecraft:furnace":1,"projectvibrantjourneys:light_brown_bark_mushroom":1,"minecraft:stick":6,"psg:raw_potassium":5,"projectvibrantjourneys:bark_mushroom":2,"alexsmobs:animal_dictionary":1,"create:crimsite":43,"k_turrets:raw_titanium":7,"create:asurine":1,"projectvibrantjourneys:orange_bark_mushroom":2,"minecraft:coal":8,"minecraft:cod":1,"alexsmobs:flying_fish":2,"minecraft:cobblestone":75},"minecraft:used":{"minecraft:moss_carpet":1,"projectvibrantjourneys:light_brown_bark_mushroom":1,"minecraft:stone_pickaxe":50,"create:crimsite":43,"minecraft:wooden_pickaxe":65,"minecraft:torch":3,"minecraft:dirt":2,"minecraft:crafting_table":5,"projectvibrantjourneys:bark_mushroom":1,"minecraft:cod":1,"alexsmobs:flying_fish":2,"minecraft:birch_sapling":4,"create:asurine":1,"minecraft:lilac":1,"minecraft:stone_axe":82,"minecraft:furnace":3,"minecraft:coarse_dirt":3,"minecraft:cobbled_deepslate":2},"minecraft:custom":{"minecraft:interact_with_furnace":4,"minecraft:mob_kills":6,"minecraft:interact_with_crafting_table":8,"minecraft:leave_game":1,"minecraft:time_since_death":26404,"minecraft:time_since_rest":26504,"minecraft:sprint_one_cm":45077,"minecraft:damage_taken":871,"minecraft:walk_one_cm":79529,"minecraft:drop":3,"minecraft:damage_dealt":492,"minecraft:swim_one_cm":35811,"minecraft:fly_one_cm":25445,"minecraft:crouch_one_cm":4725,"minecraft:play_time":44606,"minecraft:deaths":3,"minecraft:sneak_time":1722,"minecraft:walk_under_water_one_cm":7363,"minecraft:jump":335,"minecraft:walk_on_water_one_cm":12725,"minecraft:total_world_time":44606,"minecraft:fall_one_cm":8055},"minecraft:mined":{"minecraft:podzol":6,"minecraft:tuff":1,"minecraft:brown_mushroom":1,"projectvibrantjourneys:rocks":2,"minecraft:crafting_table":4,"minecraft:grass_block":2,"minecraft:moss_block":1,"projectvibrantjourneys:light_brown_bark_mushroom":1,"minecraft:coarse_dirt":8,"minecraft:furnace":1,"minecraft:birch_log":70,"minecraft:lilac":1,"create:asurine":1,"minecraft:grass":6,"minecraft:coal_ore":7,"projectvibrantjourneys:short_grass":15,"minecraft:dirt":19,"minecraft:stone":71,"create:crimsite":29,"minecraft:deepslate":1},"minecraft:killed":{"alexsmobs:skunk":2,"minecraft:cod":1,"alexsmobs:blue_jay":1,"alexsmobs:flying_fish":2},"minecraft:broken":{"minecraft:wooden_pickaxe":1},"minecraft:dropped":{"alexsmobs:animal_dictionary":1,"minecraft:cobblestone":1,"projectvibrantjourneys:orange_bark_mushroom":1}},"DataVersion":3465}