{"stats":{"minecraft:crafted":{"minecraft:crafting_table":2,"farmersdelight:iron_knife":1,"minecraft:wooden_pickaxe":3,"minecraft:furnace":2,"minecraft:birch_planks":40,"minecraft:stone_axe":2,"minecraft:charcoal":2,"minecraft:stick":16,"minecraft:iron_ingot":3,"minecraft:stone_pickaxe":2,"minecraft:stone_sword":1,"minecraft:torch":12},"minecraft:killed_by":{"minecraft:player":4,"minecraft:skeleton":8,"minecraft:creeper":2,"minecraft:zombie":5,"hordes:zombie_player":1},"minecraft:picked_up":{"minecraft:birch_log":67,"minecraft:crafting_table":4,"minecraft:coarse_dirt":8,"minecraft:feather":2,"minecraft:lilac":1,"minecraft:clay_ball":48,"minecraft:brown_mushroom":2,"minecraft:birch_planks":1,"minecraft:tuff":1,"minecraft:gunpowder":1,"minecraft:dirt":27,"minecraft:moss_carpet":3,"minecraft:wooden_sword":1,"minecraft:leather_boots":1,"minecraft:bone":1,"farmersdelight:iron_knife":2,"minecraft:wheat_seeds":3,"pointblank:p90":1,"minecraft:cobbled_deepslate":3,"minecraft:stone_pickaxe":3,"minecraft:azalea":3,"pointblank:tti_viper":1,"minecraft:moss_block":28,"minecraft:birch_sapling":6,"minecraft:flowering_azalea":1,"minecraft:furnace":1,"projectvibrantjourneys:light_brown_bark_mushroom":1,"minecraft:stick":18,"psg:raw_potassium":5,"projectvibrantjourneys:bark_mushroom":2,"minecraft:torch":5,"pointblank:gunmetal_nugget":30,"alexsmobs:animal_dictionary":1,"minecraft:arrow":2,"create:crimsite":43,"minecraft:rotten_flesh":8,"minecraft:tropical_fish":5,"k_turrets:raw_titanium":14,"create:asurine":1,"projectvibrantjourneys:orange_bark_mushroom":2,"minecraft:glow_berries":3,"minecraft:coal":8,"minecraft:cod":1,"alexsmobs:flying_fish":2,"minecraft:cobblestone":189},"minecraft:used":{"minecraft:azalea":2,"farmersdelight:iron_knife":19,"minecraft:moss_carpet":3,"projectvibrantjourneys:light_brown_bark_mushroom":1,"minecraft:stone_sword":1,"minecraft:birch_planks":10,"minecraft:tropical_fish":2,"minecraft:stone_pickaxe":94,"create:crimsite":43,"minecraft:wooden_pickaxe":65,"minecraft:rotten_flesh":3,"minecraft:torch":3,"minecraft:glow_berries":3,"minecraft:dirt":2,"minecraft:crafting_table":5,"projectvibrantjourneys:bark_mushroom":1,"minecraft:cod":1,"alexsmobs:flying_fish":2,"minecraft:birch_sapling":4,"create:asurine":1,"minecraft:lilac":1,"minecraft:stone_axe":82,"minecraft:wooden_sword":1,"minecraft:cobblestone":1,"minecraft:furnace":3,"minecraft:coarse_dirt":3,"minecraft:cobbled_deepslate":3,"minecraft:moss_block":17},"minecraft:custom":{"minecraft:interact_with_furnace":12,"minecraft:mob_kills":21,"minecraft:interact_with_crafting_table":11,"minecraft:damage_dealt_resisted":47,"minecraft:leave_game":1,"minecraft:time_since_death":2040,"minecraft:climb_one_cm":599,"minecraft:time_since_rest":2086,"minecraft:sprint_one_cm":96506,"minecraft:damage_taken":5929,"minecraft:walk_one_cm":169519,"minecraft:drop":33,"minecraft:damage_dealt":2007,"minecraft:player_kills":2,"minecraft:swim_one_cm":35811,"minecraft:fly_one_cm":62576,"minecraft:open_chest":4,"minecraft:crouch_one_cm":8396,"minecraft:play_time":80606,"minecraft:deaths":22,"minecraft:sneak_time":3503,"minecraft:walk_under_water_one_cm":12467,"minecraft:jump":776,"minecraft:walk_on_water_one_cm":39714,"minecraft:total_world_time":80606,"minecraft:fall_one_cm":21441},"minecraft:mined":{"minecraft:podzol":6,"minecraft:tuff":1,"minecraft:brown_mushroom":1,"projectvibrantjourneys:rocks":3,"minecraft:clay":11,"minecraft:crafting_table":4,"minecraft:grass_block":2,"minecraft:tall_grass":5,"minecraft:moss_block":32,"projectvibrantjourneys:light_brown_bark_mushroom":1,"minecraft:coarse_dirt":8,"minecraft:furnace":1,"minecraft:birch_log":70,"minecraft:lilac":1,"create:asurine":1,"minecraft:grass":11,"minecraft:coal_ore":7,"projectvibrantjourneys:short_grass":16,"minecraft:dirt":19,"minecraft:azalea":2,"minecraft:stone":110,"minecraft:small_dripleaf":1,"create:crimsite":29,"minecraft:deepslate":1},"minecraft:killed":{"hordes:zombie_player":4,"alexsmobs:skunk":2,"minecraft:cod":1,"minecraft:phantom":1,"minecraft:skeleton":2,"alexsmobs:blue_jay":1,"minecraft:zombie":6,"minecraft:tropical_fish":1,"alexsmobs:flying_fish":2},"minecraft:broken":{"minecraft:wooden_pickaxe":1},"minecraft:dropped":{"minecraft:iron_ingot":2,"pointblank:tti_viper":2,"minecraft:wheat_seeds":2,"pointblank:m4sopmodii":1,"alexsmobs:animal_dictionary":1,"minecraft:rotten_flesh":2,"minecraft:cobblestone":1,"minecraft:tropical_fish":3,"projectvibrantjourneys:orange_bark_mushroom":1,"pointblank:gunmetal_nugget":18,"minecraft:stick":1}},"DataVersion":3465}