{"stats":{"minecraft:crafted":{"minecraft:birch_planks":12,"minecraft:crafting_table":1,"minecraft:stick":4,"minecraft:wooden_pickaxe":2},"minecraft:dropped":{"alexsmobs:animal_dictionary":1},"minecraft:mined":{"minecraft:birch_log":3},"minecraft:custom":{"minecraft:jump":1,"minecraft:time_since_rest":2776,"minecraft:leave_game":1,"minecraft:sprint_one_cm":57,"minecraft:play_time":2776,"minecraft:time_since_death":2776,"minecraft:walk_one_cm":695,"minecraft:total_world_time":2776,"minecraft:interact_with_crafting_table":1,"minecraft:drop":1},"minecraft:picked_up":{"alexsmobs:animal_dictionary":1,"minecraft:birch_log":3},"minecraft:used":{"minecraft:crafting_table":1}},"DataVersion":3465}