{"stats":{"minecraft:crafted":{"minecraft:charcoal":2,"minecraft:crafting_table":2,"minecraft:stick":16,"minecraft:wooden_pickaxe":3,"minecraft:stone_pickaxe":1,"minecraft:furnace":1,"minecraft:torch":8,"minecraft:birch_planks":36,"minecraft:stone_axe":2},"minecraft:killed_by":{"hordes:zombie_player":1,"minecraft:player":1,"minecraft:zombie":1},"minecraft:picked_up":{"minecraft:birch_log":67,"projectvibrantjourneys:light_brown_bark_mushroom":1,"minecraft:coarse_dirt":8,"minecraft:stick":6,"minecraft:crafting_table":2,"minecraft:lilac":1,"projectvibrantjourneys:bark_mushroom":2,"alexsmobs:animal_dictionary":1,"minecraft:dirt":27,"minecraft:moss_carpet":1,"create:asurine":1,"projectvibrantjourneys:orange_bark_mushroom":2,"minecraft:birch_sapling":6,"minecraft:coal":3,"minecraft:cobblestone":66},"minecraft:used":{"projectvibrantjourneys:light_brown_bark_mushroom":1,"minecraft:stone_pickaxe":2,"minecraft:birch_sapling":4,"minecraft:wooden_pickaxe":65,"create:asurine":1,"minecraft:lilac":1,"minecraft:stone_axe":71,"minecraft:torch":2,"minecraft:dirt":2,"minecraft:crafting_table":2,"minecraft:furnace":1,"projectvibrantjourneys:bark_mushroom":1,"minecraft:coarse_dirt":3,"minecraft:moss_carpet":1},"minecraft:custom":{"minecraft:time_since_rest":14504,"minecraft:interact_with_furnace":2,"minecraft:sprint_one_cm":43138,"minecraft:damage_taken":871,"minecraft:walk_one_cm":52746,"minecraft:drop":3,"minecraft:damage_dealt":33,"minecraft:swim_one_cm":30421,"minecraft:interact_with_crafting_table":5,"minecraft:fly_one_cm":23142,"minecraft:crouch_one_cm":76,"minecraft:play_time":32606,"minecraft:deaths":3,"minecraft:sneak_time":211,"minecraft:walk_under_water_one_cm":3699,"minecraft:jump":271,"minecraft:leave_game":1,"minecraft:walk_on_water_one_cm":3280,"minecraft:time_since_death":14404,"minecraft:total_world_time":32606,"minecraft:fall_one_cm":6532},"minecraft:mined":{"minecraft:podzol":6,"projectvibrantjourneys:light_brown_bark_mushroom":1,"minecraft:coarse_dirt":8,"minecraft:birch_log":70,"minecraft:lilac":1,"projectvibrantjourneys:rocks":1,"minecraft:crafting_table":2,"create:asurine":1,"minecraft:grass":4,"minecraft:coal_ore":1,"minecraft:grass_block":2,"projectvibrantjourneys:short_grass":15,"minecraft:dirt":19,"minecraft:stone":63},"minecraft:broken":{"minecraft:wooden_pickaxe":1},"minecraft:dropped":{"alexsmobs:animal_dictionary":1,"minecraft:cobblestone":1,"projectvibrantjourneys:orange_bark_mushroom":1}},"DataVersion":3465}