{"stats":{"minecraft:crafted":{"minecraft:crafting_table":2,"farmersdelight:iron_knife":1,"minecraft:wooden_pickaxe":4,"minecraft:furnace":2,"minecraft:birch_planks":48,"minecraft:stone_axe":2,"minecraft:charcoal":2,"minecraft:stick":20,"minecraft:iron_ingot":3,"minecraft:stone_pickaxe":3,"minecraft:stone_sword":1,"minecraft:torch":12},"minecraft:killed_by":{"minecraft:player":4,"minecraft:skeleton":8,"minecraft:creeper":2,"minecraft:zombie":5,"hordes:zombie_player":1},"minecraft:picked_up":{"minecraft:birch_log":69,"minecraft:crafting_table":4,"minecraft:coarse_dirt":8,"minecraft:feather":2,"minecraft:lilac":1,"minecraft:clay_ball":48,"minecraft:brown_mushroom":2,"minecraft:birch_planks":1,"minecraft:tuff":1,"minecraft:gunpowder":1,"minecraft:dirt":28,"minecraft:moss_carpet":3,"minecraft:wooden_sword":1,"minecraft:leather_boots":1,"minecraft:bone":1,"farmersdelight:iron_knife":2,"minecraft:wheat_seeds":4,"pointblank:p90":1,"minecraft:cobbled_deepslate":3,"minecraft:stone_pickaxe":3,"minecraft:azalea":3,"pointblank:tti_viper":1,"minecraft:moss_block":28,"minecraft:birch_sapling":6,"minecraft:flowering_azalea":1,"minecraft:furnace":1,"projectvibrantjourneys:light_brown_bark_mushroom":1,"minecraft:stick":18,"pointblank:glock17":2,"minecraft:sweet_berries":7,"psg:raw_potassium":5,"projectvibrantjourneys:bark_mushroom":2,"minecraft:torch":5,"pointblank:gunmetal_nugget":30,"minecraft:mossy_cobblestone":1,"alexsmobs:animal_dictionary":1,"minecraft:arrow":2,"create:crimsite":43,"minecraft:rotten_flesh":8,"minecraft:tropical_fish":5,"k_turrets:raw_titanium":14,"create:asurine":1,"projectvibrantjourneys:orange_bark_mushroom":2,"minecraft:glow_berries":3,"minecraft:coal":10,"minecraft:cod":1,"pointblank:m4sopmodii":1,"alexsmobs:flying_fish":2,"minecraft:cobblestone":202},"minecraft:used":{"minecraft:azalea":2,"farmersdelight:iron_knife":19,"minecraft:moss_carpet":3,"projectvibrantjourneys:light_brown_bark_mushroom":1,"minecraft:stone_sword":1,"minecraft:birch_planks":10,"minecraft:tropical_fish":2,"minecraft:stone_pickaxe":114,"create:crimsite":43,"minecraft:wooden_pickaxe":67,"minecraft:rotten_flesh":3,"minecraft:torch":3,"minecraft:glow_berries":3,"minecraft:dirt":2,"minecraft:crafting_table":5,"projectvibrantjourneys:bark_mushroom":1,"minecraft:cod":1,"alexsmobs:flying_fish":2,"minecraft:birch_sapling":4,"create:asurine":1,"minecraft:lilac":1,"minecraft:stone_axe":82,"minecraft:wooden_sword":1,"minecraft:cobblestone":1,"minecraft:sweet_berries":9,"minecraft:furnace":3,"minecraft:coarse_dirt":3,"minecraft:cobbled_deepslate":3,"minecraft:moss_block":17},"minecraft:custom":{"minecraft:interact_with_furnace":12,"minecraft:mob_kills":22,"minecraft:interact_with_crafting_table":13,"minecraft:damage_dealt_resisted":47,"minecraft:leave_game":1,"minecraft:time_since_death":14040,"minecraft:climb_one_cm":599,"minecraft:time_since_rest":14086,"minecraft:sprint_one_cm":121212,"minecraft:damage_taken":6059,"minecraft:walk_one_cm":186550,"minecraft:drop":37,"minecraft:damage_dealt":2218,"minecraft:player_kills":3,"minecraft:swim_one_cm":35811,"minecraft:fly_one_cm":80716,"minecraft:open_chest":4,"minecraft:crouch_one_cm":8640,"minecraft:play_time":92606,"minecraft:deaths":22,"minecraft:sneak_time":3999,"minecraft:walk_under_water_one_cm":12467,"minecraft:jump":904,"minecraft:walk_on_water_one_cm":39714,"minecraft:total_world_time":92606,"minecraft:fall_one_cm":26000},"minecraft:mined":{"minecraft:podzol":6,"minecraft:tuff":1,"minecraft:brown_mushroom":1,"minecraft:mossy_cobblestone":1,"projectvibrantjourneys:rocks":3,"minecraft:clay":11,"minecraft:crafting_table":4,"minecraft:grass_block":3,"minecraft:cobblestone":16,"minecraft:tall_grass":5,"minecraft:moss_block":32,"projectvibrantjourneys:light_brown_bark_mushroom":1,"minecraft:coarse_dirt":8,"minecraft:furnace":1,"minecraft:birch_log":70,"minecraft:lilac":1,"create:asurine":1,"minecraft:grass":12,"minecraft:coal_ore":9,"projectvibrantjourneys:short_grass":18,"minecraft:dirt":19,"minecraft:azalea":2,"minecraft:stone":112,"minecraft:small_dripleaf":1,"create:crimsite":29,"minecraft:deepslate":1},"minecraft:killed":{"hordes:zombie_player":5,"alexsmobs:skunk":2,"minecraft:cod":1,"minecraft:phantom":1,"minecraft:skeleton":2,"alexsmobs:blue_jay":1,"minecraft:zombie":6,"minecraft:tropical_fish":1,"alexsmobs:flying_fish":2},"minecraft:broken":{"minecraft:wooden_pickaxe":1},"minecraft:dropped":{"minecraft:iron_ingot":2,"pointblank:tti_viper":2,"minecraft:wheat_seeds":2,"pointblank:m4sopmodii":3,"alexsmobs:animal_dictionary":1,"pointblank:glock17":2,"minecraft:rotten_flesh":2,"minecraft:cobblestone":1,"minecraft:tropical_fish":3,"projectvibrantjourneys:orange_bark_mushroom":1,"pointblank:gunmetal_nugget":18,"minecraft:stick":1}},"DataVersion":3465}