{"stats":{"minecraft:crafted":{"minecraft:crafting_table":2,"farmersdelight:iron_knife":1,"minecraft:wooden_pickaxe":3,"minecraft:furnace":2,"minecraft:birch_planks":40,"minecraft:stone_axe":2,"minecraft:charcoal":2,"minecraft:stick":16,"minecraft:iron_ingot":3,"minecraft:stone_pickaxe":2,"minecraft:stone_sword":1,"minecraft:torch":12},"minecraft:killed_by":{"minecraft:player":1,"minecraft:creeper":2,"minecraft:zombie":3,"hordes:zombie_player":1},"minecraft:picked_up":{"minecraft:birch_log":67,"minecraft:crafting_table":4,"minecraft:coarse_dirt":8,"minecraft:feather":2,"minecraft:lilac":1,"minecraft:clay_ball":36,"minecraft:brown_mushroom":2,"minecraft:birch_planks":1,"minecraft:tuff":1,"minecraft:dirt":27,"minecraft:moss_carpet":1,"minecraft:wooden_sword":1,"minecraft:leather_boots":1,"minecraft:bone":1,"farmersdelight:iron_knife":1,"minecraft:cobbled_deepslate":3,"minecraft:stone_pickaxe":3,"minecraft:moss_block":2,"minecraft:birch_sapling":6,"minecraft:flowering_azalea":1,"minecraft:furnace":1,"projectvibrantjourneys:light_brown_bark_mushroom":1,"minecraft:stick":18,"psg:raw_potassium":5,"projectvibrantjourneys:bark_mushroom":2,"minecraft:torch":5,"pointblank:gunmetal_nugget":14,"alexsmobs:animal_dictionary":1,"create:crimsite":43,"minecraft:rotten_flesh":2,"k_turrets:raw_titanium":14,"create:asurine":1,"projectvibrantjourneys:orange_bark_mushroom":2,"minecraft:coal":8,"minecraft:cod":1,"alexsmobs:flying_fish":2,"minecraft:cobblestone":189},"minecraft:used":{"farmersdelight:iron_knife":19,"minecraft:moss_carpet":1,"projectvibrantjourneys:light_brown_bark_mushroom":1,"minecraft:stone_sword":1,"minecraft:birch_planks":10,"minecraft:stone_pickaxe":94,"create:crimsite":43,"minecraft:wooden_pickaxe":65,"minecraft:torch":3,"minecraft:dirt":2,"minecraft:crafting_table":5,"projectvibrantjourneys:bark_mushroom":1,"minecraft:cod":1,"alexsmobs:flying_fish":2,"minecraft:birch_sapling":4,"create:asurine":1,"minecraft:lilac":1,"minecraft:stone_axe":82,"minecraft:wooden_sword":1,"minecraft:cobblestone":1,"minecraft:furnace":3,"minecraft:coarse_dirt":3,"minecraft:cobbled_deepslate":3},"minecraft:custom":{"minecraft:interact_with_furnace":12,"minecraft:mob_kills":8,"minecraft:interact_with_crafting_table":11,"minecraft:leave_game":1,"minecraft:time_since_death":179,"minecraft:time_since_rest":207,"minecraft:sprint_one_cm":56631,"minecraft:damage_taken":2443,"minecraft:walk_one_cm":103852,"minecraft:drop":17,"minecraft:damage_dealt":937,"minecraft:swim_one_cm":35811,"minecraft:fly_one_cm":33586,"minecraft:crouch_one_cm":7758,"minecraft:play_time":56606,"minecraft:deaths":8,"minecraft:sneak_time":3097,"minecraft:walk_under_water_one_cm":7933,"minecraft:jump":491,"minecraft:walk_on_water_one_cm":17099,"minecraft:total_world_time":56606,"minecraft:fall_one_cm":14844},"minecraft:mined":{"minecraft:podzol":6,"minecraft:tuff":1,"minecraft:brown_mushroom":1,"projectvibrantjourneys:rocks":2,"minecraft:clay":6,"minecraft:crafting_table":4,"minecraft:grass_block":2,"minecraft:moss_block":1,"projectvibrantjourneys:light_brown_bark_mushroom":1,"minecraft:coarse_dirt":8,"minecraft:furnace":1,"minecraft:birch_log":70,"minecraft:lilac":1,"create:asurine":1,"minecraft:grass":6,"minecraft:coal_ore":7,"projectvibrantjourneys:short_grass":15,"minecraft:dirt":19,"minecraft:stone":110,"create:crimsite":29,"minecraft:deepslate":1},"minecraft:killed":{"alexsmobs:skunk":2,"minecraft:cod":1,"alexsmobs:blue_jay":1,"minecraft:zombie":1,"alexsmobs:flying_fish":2},"minecraft:broken":{"minecraft:wooden_pickaxe":1},"minecraft:dropped":{"minecraft:iron_ingot":2,"alexsmobs:animal_dictionary":1,"minecraft:cobblestone":1,"projectvibrantjourneys:orange_bark_mushroom":1,"pointblank:gunmetal_nugget":12,"minecraft:stick":1}},"DataVersion":3465}