{"stats":{"minecraft:mined":{"minecraft:spruce_leaves":4,"minecraft:spruce_log":7},"minecraft:crafted":{"minecraft:spruce_planks":8,"minecraft:stick":4,"minecraft:wooden_pickaxe":1},"minecraft:picked_up":{"minecraft:spruce_log":7},"minecraft:custom":{"minecraft:jump":4,"minecraft:time_since_rest":4318,"minecraft:sprint_one_cm":1488,"minecraft:play_time":4318,"minecraft:time_since_death":4318,"minecraft:walk_one_cm":3615,"minecraft:total_world_time":4318,"minecraft:interact_with_crafting_table":1,"minecraft:fly_one_cm":278}},"DataVersion":3465}