{"stats":{"minecraft:crafted":{"minecraft:charcoal":2,"minecraft:crafting_table":1,"minecraft:stick":8,"minecraft:wooden_pickaxe":2,"minecraft:furnace":1,"minecraft:torch":8,"minecraft:birch_planks":20,"minecraft:stone_axe":1},"minecraft:killed_by":{"hordes:zombie_player":1,"minecraft:player":1,"minecraft:zombie":1},"minecraft:picked_up":{"minecraft:birch_log":24,"minecraft:coarse_dirt":8,"minecraft:stick":2,"minecraft:crafting_table":1,"projectvibrantjourneys:bark_mushroom":1,"alexsmobs:animal_dictionary":1,"minecraft:dirt":25,"projectvibrantjourneys:orange_bark_mushroom":1,"minecraft:birch_sapling":2,"minecraft:coal":1,"minecraft:cobblestone":59},"minecraft:used":{"minecraft:wooden_pickaxe":59,"minecraft:stone_axe":25,"minecraft:torch":2,"minecraft:dirt":2,"minecraft:crafting_table":1,"minecraft:furnace":1,"minecraft:coarse_dirt":3},"minecraft:custom":{"minecraft:time_since_rest":2504,"minecraft:interact_with_furnace":2,"minecraft:sprint_one_cm":26361,"minecraft:damage_taken":871,"minecraft:walk_one_cm":15807,"minecraft:drop":2,"minecraft:damage_dealt":33,"minecraft:swim_one_cm":15654,"minecraft:interact_with_crafting_table":3,"minecraft:fly_one_cm":10317,"minecraft:play_time":20606,"minecraft:deaths":3,"minecraft:sneak_time":14,"minecraft:walk_under_water_one_cm":3266,"minecraft:jump":74,"minecraft:leave_game":1,"minecraft:walk_on_water_one_cm":1501,"minecraft:time_since_death":2404,"minecraft:total_world_time":20606,"minecraft:fall_one_cm":3217},"minecraft:mined":{"minecraft:podzol":6,"minecraft:coarse_dirt":8,"minecraft:birch_log":24,"projectvibrantjourneys:rocks":1,"minecraft:crafting_table":1,"minecraft:grass":4,"projectvibrantjourneys:short_grass":14,"minecraft:dirt":19,"minecraft:stone":58},"minecraft:broken":{"minecraft:wooden_pickaxe":1},"minecraft:dropped":{"alexsmobs:animal_dictionary":1,"minecraft:cobblestone":1}},"DataVersion":3465}