{"stats":{"minecraft:crafted":{"minecraft:birch_planks":44,"minecraft:torch":8,"minecraft:crafting_table":1,"minecraft:stick":8,"minecraft:stone_pickaxe":1,"minecraft:wooden_pickaxe":1},"minecraft:picked_up":{"minecraft:birch_log":11,"minecraft:copper_ingot":1,"pointblank:gunmetal_nugget":2,"minecraft:coal":12,"minecraft:cobblestone":52},"minecraft:used":{"minecraft:torch":1,"minecraft:wooden_sword":6,"minecraft:cobblestone":1,"minecraft:crafting_table":1,"minecraft:bread":1,"minecraft:stone_pickaxe":13,"alexsmobs:animal_dictionary":1,"minecraft:wooden_pickaxe":56},"minecraft:mined":{"minecraft:coal_ore":13,"minecraft:birch_log":11,"minecraft:stone":54},"minecraft:custom":{"minecraft:time_since_rest":19319,"minecraft:crouch_one_cm":147,"minecraft:play_time":19319,"minecraft:sprint_one_cm":18430,"minecraft:damage_taken":10,"minecraft:walk_one_cm":9945,"minecraft:sneak_time":134,"minecraft:walk_under_water_one_cm":800,"minecraft:mob_kills":1,"minecraft:damage_dealt_resisted":16,"minecraft:jump":965,"minecraft:damage_dealt":232,"minecraft:leave_game":3,"minecraft:time_since_death":19319,"minecraft:walk_on_water_one_cm":2938,"minecraft:total_world_time":19319,"minecraft:swim_one_cm":4981,"minecraft:interact_with_crafting_table":2,"minecraft:fall_one_cm":2276,"minecraft:fly_one_cm":14735,"minecraft:player_kills":1},"minecraft:killed":{"minecraft:drowned":1}},"DataVersion":3465}