{"stats":{"minecraft:mined":{"minecraft:iron_ore":8,"minecraft:spruce_log":6,"minecraft:andesite":5,"psg:sulphur_ore":4,"minecraft:crafting_table":1,"minecraft:coal_ore":41,"projectvibrantjourneys:short_grass":2,"minecraft:stone":58},"minecraft:killed":{"minecraft:zombie":1},"minecraft:crafted":{"minecraft:crafting_table":1,"minecraft:spruce_planks":20,"minecraft:stick":8,"minecraft:wooden_pickaxe":1,"minecraft:stone_pickaxe":1,"minecraft:stone_sword":1,"minecraft:torch":4,"minecraft:stone_axe":1},"minecraft:dropped":{"projectvibrantjourneys:light_brown_bark_mushroom":1},"minecraft:used":{"minecraft:stone_sword":7,"minecraft:bread":1,"minecraft:stone_pickaxe":71,"minecraft:spruce_planks":9,"minecraft:wooden_pickaxe":45,"minecraft:stone_axe":3,"minecraft:crafting_table":1,"minecraft:andesite":5,"alexsmobs:animal_dictionary":1},"minecraft:picked_up":{"projectvibrantjourneys:light_brown_bark_mushroom":1,"minecraft:crafting_table":1,"minecraft:raw_iron":8,"minecraft:andesite":5,"minecraft:torch":4,"psg:sulphur":20,"minecraft:ink_sac":2,"minecraft:spruce_log":6,"minecraft:rotten_flesh":2,"minecraft:coal":41,"minecraft:cobblestone":57},"minecraft:custom":{"minecraft:time_since_rest":684,"minecraft:interact_with_furnace":1,"minecraft:sprint_one_cm":26560,"minecraft:damage_taken":254,"minecraft:walk_one_cm":16429,"minecraft:mob_kills":1,"minecraft:drop":1,"minecraft:damage_dealt":200,"minecraft:swim_one_cm":4704,"minecraft:interact_with_crafting_table":2,"minecraft:fly_one_cm":7728,"minecraft:crouch_one_cm":245,"minecraft:play_time":16490,"minecraft:deaths":1,"minecraft:sneak_time":68,"minecraft:walk_under_water_one_cm":521,"minecraft:jump":119,"minecraft:leave_game":3,"minecraft:walk_on_water_one_cm":1679,"minecraft:time_since_death":643,"minecraft:total_world_time":16490,"minecraft:fall_one_cm":1283},"minecraft:killed_by":{"minecraft:pillager":1}},"DataVersion":3465}