{"stats":{"minecraft:crafted":{"minecraft:crafting_table":1,"minecraft:wooden_pickaxe":1,"minecraft:iron_sword":1,"minecraft:furnace":2,"minecraft:birch_planks":44,"minecraft:stone_axe":1,"minecraft:air":0,"minecraft:stick":20,"psg:potassium":2,"minecraft:iron_pickaxe":1,"minecraft:iron_ingot":9,"minecraft:stone_pickaxe":2,"minecraft:chest":2,"minecraft:torch":8},"minecraft:killed_by":{"minecraft:player":1,"minecraft:skeleton":1,"minecraft:creeper":1,"minecraft:zombie":4,"hordes:zombie_player":2},"minecraft:picked_up":{"minecraft:birch_log":20,"pointblank:m4sopmodii":1,"minecraft:crafting_table":5,"minecraft:coarse_dirt":5,"minecraft:clay_ball":24,"minecraft:brown_mushroom":2,"minecraft:wooden_pickaxe":2,"minecraft:birch_planks":38,"minecraft:shield":3,"psg:potassium":4,"minecraft:dirt":14,"minecraft:wooden_sword":3,"minecraft:leather_boots":3,"minecraft:bone":2,"farmersdelight:iron_knife":1,"minecraft:wheat_seeds":2,"minecraft:iron_ingot":16,"minecraft:stone_pickaxe":4,"minecraft:iron_pickaxe":2,"minecraft:moss_block":1,"minecraft:birch_sapling":2,"minecraft:iron_sword":1,"minecraft:furnace":6,"minecraft:stick":12,"minecraft:raw_iron":12,"minecraft:copper_ingot":3,"psg:raw_potassium":23,"minecraft:big_dripleaf":3,"projectvibrantjourneys:bark_mushroom":1,"minecraft:torch":9,"pointblank:gunmetal_nugget":38,"psg:sulphur":63,"alexsmobs:animal_dictionary":1,"create:crimsite":177,"minecraft:rotten_flesh":6,"minecraft:tropical_fish":6,"minecraft:stone_axe":3,"k_turrets:raw_titanium":22,"minecraft:bread":13,"projectvibrantjourneys:orange_bark_mushroom":1,"minecraft:glow_berries":1,"minecraft:coal":27,"minecraft:cobblestone":232,"minecraft:ender_pearl":3},"minecraft:used":{"farmersdelight:iron_knife":15,"minecraft:moss_block":1,"minecraft:stone_pickaxe":148,"minecraft:chest":2,"minecraft:wooden_pickaxe":57,"minecraft:iron_sword":11,"minecraft:leather_boots":1,"minecraft:torch":2,"minecraft:crafting_table":4,"minecraft:bread":8,"minecraft:iron_pickaxe":13,"minecraft:stone_axe":51,"minecraft:wooden_sword":15,"minecraft:cobblestone":26,"minecraft:furnace":2,"alexsmobs:animal_dictionary":1},"minecraft:mined":{"minecraft:flowering_azalea":2,"psg:potassium_ore":4,"psg:sulphur_ore":5,"minecraft:clay":4,"minecraft:crafting_table":3,"minecraft:torch":1,"minecraft:cave_vines_plant":1,"minecraft:tall_grass":10,"minecraft:cobblestone":1,"minecraft:moss_block":2,"minecraft:wall_torch":1,"minecraft:furnace":2,"minecraft:birch_log":12,"minecraft:iron_ore":12,"minecraft:cobbled_deepslate":1,"minecraft:moss_carpet":1,"minecraft:big_dripleaf_stem":1,"k_turrets:titanium_ore":16,"minecraft:grass":6,"minecraft:coal_ore":13,"minecraft:cave_vines":1,"projectvibrantjourneys:short_grass":3,"minecraft:azalea":2,"minecraft:stone":75,"create:crimsite":75,"minecraft:deepslate":1},"minecraft:custom":{"minecraft:interact_with_furnace":14,"minecraft:mob_kills":11,"minecraft:interact_with_crafting_table":8,"minecraft:damage_dealt_resisted":217,"minecraft:leave_game":8,"minecraft:time_since_death":1404,"minecraft:time_since_rest":1983,"minecraft:sprint_one_cm":70420,"minecraft:damage_taken":2738,"minecraft:walk_one_cm":39370,"minecraft:drop":10,"minecraft:damage_dealt":2271,"minecraft:player_kills":4,"minecraft:swim_one_cm":23074,"minecraft:fly_one_cm":35793,"minecraft:open_chest":2,"minecraft:crouch_one_cm":6250,"minecraft:play_time":54724,"minecraft:sneak_time":2465,"minecraft:deaths":10,"minecraft:walk_under_water_one_cm":2267,"minecraft:jump":1238,"minecraft:walk_on_water_one_cm":13319,"minecraft:total_world_time":54724,"minecraft:fall_one_cm":7358},"minecraft:killed":{"hordes:zombie_player":6,"minecraft:skeleton":1,"minecraft:zombie":1,"minecraft:drowned":1,"minecraft:enderman":1},"minecraft:broken":{"minecraft:stone_pickaxe":1,"minecraft:wooden_pickaxe":1},"minecraft:dropped":{"farmersdelight:iron_knife":1,"minecraft:cobblestone":22,"psg:raw_potassium":5,"minecraft:stick":6,"k_turrets:raw_titanium":7,"minecraft:stone_pickaxe":1}},"DataVersion":3465}