{"stats":{"minecraft:crafted":{"minecraft:crafting_table":1,"minecraft:stick":16,"minecraft:wooden_pickaxe":1,"minecraft:stone_pickaxe":2,"minecraft:torch":8,"minecraft:birch_planks":44,"minecraft:stone_axe":1},"minecraft:picked_up":{"minecraft:birch_log":11,"minecraft:raw_iron":1,"minecraft:crafting_table":2,"psg:raw_potassium":5,"minecraft:copper_ingot":1,"minecraft:torch":1,"psg:sulphur":21,"pointblank:gunmetal_nugget":2,"create:crimsite":59,"minecraft:tropical_fish":2,"k_turrets:raw_titanium":8,"minecraft:moss_block":1,"minecraft:coal":12,"minecraft:cobblestone":71},"minecraft:used":{"minecraft:bread":3,"minecraft:stone_pickaxe":133,"minecraft:wooden_pickaxe":56,"minecraft:stone_axe":3,"minecraft:torch":1,"minecraft:wooden_sword":6,"minecraft:cobblestone":8,"minecraft:crafting_table":2,"alexsmobs:animal_dictionary":1},"minecraft:mined":{"minecraft:iron_ore":1,"minecraft:birch_log":11,"psg:sulphur_ore":5,"minecraft:torch":1,"minecraft:crafting_table":2,"minecraft:grass":1,"k_turrets:titanium_ore":9,"minecraft:coal_ore":13,"minecraft:tall_grass":1,"minecraft:cobblestone":1,"minecraft:stone":73,"minecraft:moss_block":1,"create:crimsite":75,"minecraft:deepslate":1},"minecraft:custom":{"minecraft:time_since_rest":31319,"minecraft:sprint_one_cm":29865,"minecraft:damage_taken":20,"minecraft:walk_one_cm":14106,"minecraft:mob_kills":1,"minecraft:drop":6,"minecraft:damage_dealt":232,"minecraft:swim_one_cm":23074,"minecraft:interact_with_crafting_table":4,"minecraft:fly_one_cm":17743,"minecraft:player_kills":1,"minecraft:crouch_one_cm":1904,"minecraft:play_time":31319,"minecraft:sneak_time":976,"minecraft:walk_under_water_one_cm":2267,"minecraft:jump":1076,"minecraft:damage_dealt_resisted":16,"minecraft:walk_on_water_one_cm":8622,"minecraft:leave_game":3,"minecraft:time_since_death":31319,"minecraft:total_world_time":31319,"minecraft:fall_one_cm":2276},"minecraft:killed":{"minecraft:drowned":1},"minecraft:broken":{"minecraft:stone_pickaxe":1},"minecraft:dropped":{"k_turrets:raw_titanium":7,"psg:raw_potassium":5}},"DataVersion":3465}