{"stats":{"minecraft:mined":{"minecraft:spruce_log":5,"minecraft:stone":23},"minecraft:crafted":{"minecraft:stone_sword":1,"minecraft:crafting_table":1,"minecraft:stone_axe":1,"minecraft:spruce_planks":20,"minecraft:stick":8,"minecraft:wooden_pickaxe":1,"minecraft:stone_pickaxe":1},"minecraft:used":{"minecraft:crafting_table":1,"alexsmobs:animal_dictionary":1,"minecraft:wooden_pickaxe":23},"minecraft:picked_up":{"projectvibrantjourneys:light_brown_bark_mushroom":1,"minecraft:spruce_log":5,"minecraft:cobblestone":22},"minecraft:custom":{"minecraft:time_since_rest":5239,"minecraft:play_time":5239,"minecraft:sprint_one_cm":4288,"minecraft:walk_one_cm":2949,"minecraft:jump":3,"minecraft:time_since_death":5239,"minecraft:total_world_time":5239,"minecraft:interact_with_crafting_table":2,"minecraft:fall_one_cm":269,"minecraft:fly_one_cm":347}},"DataVersion":3465}