{"stats":{"minecraft:crafted":{"minecraft:crafting_table":1,"minecraft:wooden_pickaxe":1,"minecraft:furnace":2,"minecraft:birch_planks":44,"minecraft:stone_axe":1,"minecraft:air":0,"minecraft:stick":20,"psg:potassium":2,"minecraft:iron_ingot":9,"minecraft:iron_pickaxe":1,"minecraft:stone_pickaxe":2,"minecraft:torch":8},"minecraft:killed_by":{"minecraft:creeper":1},"minecraft:picked_up":{"minecraft:birch_log":11,"minecraft:crafting_table":4,"minecraft:clay_ball":8,"minecraft:brown_mushroom":1,"minecraft:wooden_pickaxe":1,"minecraft:birch_planks":27,"minecraft:shield":1,"psg:potassium":2,"minecraft:wheat_seeds":1,"minecraft:iron_ingot":10,"minecraft:iron_pickaxe":1,"minecraft:moss_block":1,"minecraft:furnace":4,"minecraft:stick":4,"minecraft:raw_iron":12,"psg:raw_potassium":7,"minecraft:copper_ingot":2,"minecraft:torch":1,"pointblank:gunmetal_nugget":16,"psg:sulphur":42,"create:crimsite":118,"minecraft:tropical_fish":4,"minecraft:stone_axe":1,"k_turrets:raw_titanium":9,"minecraft:bread":3,"minecraft:coal":20,"minecraft:cobblestone":73,"minecraft:ender_pearl":2},"minecraft:used":{"minecraft:moss_block":1,"minecraft:stone_pickaxe":147,"minecraft:wooden_pickaxe":56,"minecraft:torch":2,"minecraft:crafting_table":3,"minecraft:bread":6,"minecraft:iron_pickaxe":2,"minecraft:stone_axe":37,"minecraft:wooden_sword":15,"minecraft:cobblestone":26,"minecraft:furnace":2,"alexsmobs:animal_dictionary":1},"minecraft:mined":{"minecraft:flowering_azalea":2,"psg:sulphur_ore":5,"minecraft:clay":1,"minecraft:crafting_table":3,"minecraft:torch":1,"minecraft:cobblestone":1,"minecraft:tall_grass":9,"minecraft:moss_block":2,"minecraft:wall_torch":1,"minecraft:furnace":2,"minecraft:birch_log":11,"minecraft:iron_ore":12,"minecraft:cobbled_deepslate":1,"minecraft:moss_carpet":1,"k_turrets:titanium_ore":9,"minecraft:grass":5,"minecraft:coal_ore":13,"minecraft:azalea":2,"minecraft:stone":73,"create:crimsite":75,"minecraft:deepslate":1},"minecraft:custom":{"minecraft:interact_with_furnace":14,"minecraft:mob_kills":4,"minecraft:interact_with_crafting_table":6,"minecraft:damage_dealt_resisted":57,"minecraft:leave_game":3,"minecraft:time_since_death":921,"minecraft:time_since_rest":962,"minecraft:sprint_one_cm":45395,"minecraft:damage_taken":701,"minecraft:walk_one_cm":22814,"minecraft:drop":9,"minecraft:damage_dealt":1000,"minecraft:player_kills":1,"minecraft:swim_one_cm":23074,"minecraft:fly_one_cm":23869,"minecraft:crouch_one_cm":6077,"minecraft:play_time":43319,"minecraft:deaths":1,"minecraft:sneak_time":2337,"minecraft:walk_under_water_one_cm":2267,"minecraft:jump":1156,"minecraft:walk_on_water_one_cm":8986,"minecraft:total_world_time":43319,"minecraft:fall_one_cm":5148},"minecraft:killed":{"minecraft:skeleton":1,"minecraft:drowned":1,"minecraft:enderman":1},"minecraft:broken":{"minecraft:stone_pickaxe":1},"minecraft:dropped":{"minecraft:cobblestone":22,"psg:raw_potassium":5,"minecraft:stick":6,"k_turrets:raw_titanium":7,"minecraft:stone_pickaxe":1}},"DataVersion":3465}