{"stats":{"minecraft:crafted":{"minecraft:crafting_table":1,"minecraft:wooden_pickaxe":1,"minecraft:iron_sword":1,"minecraft:furnace":2,"minecraft:birch_planks":44,"minecraft:stone_axe":1,"minecraft:air":0,"minecraft:stick":20,"psg:potassium":2,"minecraft:iron_pickaxe":1,"minecraft:iron_ingot":9,"minecraft:stone_pickaxe":2,"minecraft:chest":2,"minecraft:torch":8},"minecraft:killed_by":{"minecraft:player":3,"minecraft:skeleton":1,"minecraft:creeper":1,"minecraft:zombie":4,"hordes:zombie_player":2},"minecraft:picked_up":{"minecraft:birch_log":25,"pointblank:m4sopmodii":2,"minecraft:crafting_table":5,"minecraft:coarse_dirt":6,"minecraft:clay_ball":48,"minecraft:brown_mushroom":2,"minecraft:wooden_pickaxe":2,"minecraft:birch_planks":38,"minecraft:shield":3,"minecraft:gunpowder":1,"psg:potassium":4,"minecraft:dirt":18,"minecraft:wooden_sword":3,"minecraft:leather_boots":3,"minecraft:bone":2,"farmersdelight:iron_knife":1,"minecraft:wheat_seeds":3,"minecraft:iron_ingot":16,"minecraft:stone_pickaxe":4,"minecraft:azalea":1,"pointblank:tti_viper":1,"minecraft:iron_pickaxe":2,"minecraft:moss_block":35,"minecraft:flowering_azalea":1,"minecraft:birch_sapling":3,"minecraft:iron_sword":1,"minecraft:furnace":6,"minecraft:stick":12,"minecraft:raw_iron":12,"pointblank:glock17":2,"minecraft:copper_ingot":3,"psg:raw_potassium":23,"minecraft:big_dripleaf":7,"projectvibrantjourneys:bark_mushroom":1,"minecraft:torch":9,"pointblank:gunmetal_nugget":50,"psg:sulphur":63,"alexsmobs:animal_dictionary":1,"create:crimsite":177,"minecraft:rotten_flesh":10,"minecraft:tropical_fish":7,"minecraft:stone_axe":3,"k_turrets:raw_titanium":22,"minecraft:bread":13,"projectvibrantjourneys:orange_bark_mushroom":1,"minecraft:glow_berries":3,"minecraft:coal":27,"minecraft:cobblestone":232,"minecraft:ender_pearl":3},"minecraft:used":{"minecraft:moss_block":4,"farmersdelight:iron_knife":15,"minecraft:stone_pickaxe":148,"minecraft:chest":2,"minecraft:wooden_pickaxe":57,"minecraft:iron_sword":11,"minecraft:leather_boots":1,"minecraft:torch":2,"minecraft:crafting_table":4,"minecraft:bread":8,"minecraft:iron_pickaxe":13,"minecraft:stone_axe":51,"minecraft:wooden_sword":15,"minecraft:cobblestone":26,"minecraft:furnace":2,"alexsmobs:animal_dictionary":1},"minecraft:mined":{"minecraft:flowering_azalea":3,"psg:potassium_ore":4,"psg:sulphur_ore":5,"minecraft:clay":7,"minecraft:crafting_table":3,"minecraft:torch":1,"minecraft:cave_vines_plant":2,"minecraft:grass_block":1,"minecraft:tall_grass":10,"minecraft:cobblestone":1,"minecraft:moss_block":22,"minecraft:wall_torch":1,"minecraft:coarse_dirt":1,"minecraft:furnace":2,"minecraft:birch_log":17,"minecraft:iron_ore":12,"minecraft:cobbled_deepslate":1,"minecraft:moss_carpet":1,"minecraft:big_dripleaf_stem":2,"k_turrets:titanium_ore":16,"minecraft:grass":6,"minecraft:coal_ore":13,"minecraft:cave_vines":3,"projectvibrantjourneys:short_grass":4,"minecraft:dirt":1,"minecraft:azalea":2,"minecraft:stone":75,"minecraft:small_dripleaf":1,"create:crimsite":75,"minecraft:deepslate":1},"minecraft:custom":{"minecraft:interact_with_furnace":14,"minecraft:mob_kills":13,"minecraft:interact_with_crafting_table":8,"minecraft:damage_dealt_resisted":265,"minecraft:leave_game":9,"minecraft:time_since_death":1955,"minecraft:climb_one_cm":421,"minecraft:time_since_rest":1982,"minecraft:sprint_one_cm":99820,"minecraft:damage_taken":3189,"minecraft:walk_one_cm":49462,"minecraft:drop":10,"minecraft:damage_dealt":2688,"minecraft:player_kills":4,"minecraft:swim_one_cm":23074,"minecraft:fly_one_cm":46461,"minecraft:open_chest":5,"minecraft:crouch_one_cm":6630,"minecraft:play_time":64639,"minecraft:sneak_time":2680,"minecraft:deaths":12,"minecraft:walk_under_water_one_cm":2267,"minecraft:jump":1351,"minecraft:walk_on_water_one_cm":16592,"minecraft:total_world_time":64639,"minecraft:fall_one_cm":8350},"minecraft:killed":{"hordes:zombie_player":8,"minecraft:skeleton":1,"minecraft:zombie":1,"minecraft:drowned":1,"minecraft:enderman":1},"minecraft:broken":{"minecraft:stone_pickaxe":1,"minecraft:wooden_pickaxe":1},"minecraft:dropped":{"farmersdelight:iron_knife":1,"minecraft:cobblestone":22,"psg:raw_potassium":5,"minecraft:stick":6,"k_turrets:raw_titanium":7,"minecraft:stone_pickaxe":1}},"DataVersion":3465}