{"stats":{"minecraft:crafted":{"minecraft:crafting_table":2,"minecraft:spruce_planks":16,"minecraft:wooden_pickaxe":2,"minecraft:iron_sword":1,"minecraft:furnace":2,"minecraft:birch_planks":56,"minecraft:stone_axe":2,"minecraft:air":0,"minecraft:stick":40,"psg:potassium":2,"minecraft:iron_ingot":9,"minecraft:iron_pickaxe":1,"minecraft:stone_pickaxe":4,"minecraft:stone_sword":1,"minecraft:chest":2,"minecraft:torch":8},"minecraft:killed_by":{"minecraft:player":3,"minecraft:skeleton":1,"minecraft:creeper":1,"minecraft:zombie":4,"minecraft:enderman":1,"hordes:zombie_player":2},"minecraft:picked_up":{"minecraft:birch_log":25,"pointblank:m4sopmodii":4,"minecraft:crafting_table":8,"minecraft:coarse_dirt":7,"minecraft:clay_ball":60,"minecraft:brown_mushroom":2,"minecraft:wooden_pickaxe":2,"minecraft:potato":2,"minecraft:birch_planks":39,"minecraft:shield":3,"minecraft:gunpowder":1,"psg:potassium":4,"minecraft:dirt":18,"minecraft:wooden_sword":3,"minecraft:leather_boots":3,"minecraft:bone":2,"farmersdelight:iron_knife":1,"minecraft:wheat_seeds":8,"minecraft:iron_ingot":16,"minecraft:stone_pickaxe":4,"minecraft:azalea":1,"minecraft:iron_pickaxe":2,"pointblank:tti_viper":1,"minecraft:moss_block":36,"minecraft:birch_sapling":4,"minecraft:iron_sword":1,"minecraft:flowering_azalea":1,"minecraft:furnace":6,"minecraft:stick":14,"minecraft:raw_iron":13,"pointblank:glock17":4,"minecraft:sweet_berries":14,"minecraft:copper_ingot":3,"psg:raw_potassium":23,"minecraft:big_dripleaf":7,"projectvibrantjourneys:bark_mushroom":1,"minecraft:torch":9,"pointblank:gunmetal_nugget":50,"psg:sulphur":63,"minecraft:spruce_log":4,"alexsmobs:animal_dictionary":1,"minecraft:stone_sword":1,"create:crimsite":177,"minecraft:rotten_flesh":10,"minecraft:tropical_fish":7,"minecraft:stone_axe":3,"k_turrets:raw_titanium":22,"minecraft:bread":13,"projectvibrantjourneys:orange_bark_mushroom":1,"minecraft:glow_berries":3,"minecraft:coal":27,"minecraft:cobblestone":265,"minecraft:ender_pearl":3},"minecraft:used":{"farmersdelight:iron_knife":15,"minecraft:moss_block":4,"minecraft:stone_pickaxe":150,"minecraft:chest":2,"minecraft:wooden_pickaxe":74,"minecraft:iron_sword":11,"minecraft:leather_boots":1,"minecraft:torch":2,"minecraft:crafting_table":6,"minecraft:bread":8,"minecraft:iron_pickaxe":13,"minecraft:stone_axe":52,"minecraft:wooden_sword":15,"minecraft:cobblestone":26,"minecraft:sweet_berries":9,"minecraft:furnace":2,"alexsmobs:animal_dictionary":1},"minecraft:mined":{"minecraft:flowering_azalea":3,"psg:potassium_ore":4,"minecraft:clay":7,"psg:sulphur_ore":5,"minecraft:crafting_table":5,"minecraft:torch":1,"minecraft:cave_vines_plant":2,"minecraft:grass_block":1,"minecraft:tall_grass":17,"minecraft:cobblestone":17,"minecraft:spruce_leaves":5,"minecraft:moss_block":22,"minecraft:wall_torch":1,"minecraft:large_fern":3,"minecraft:coarse_dirt":1,"minecraft:furnace":2,"minecraft:sweet_berry_bush":8,"minecraft:birch_log":17,"minecraft:iron_ore":13,"minecraft:cobbled_deepslate":1,"minecraft:spruce_log":4,"minecraft:moss_carpet":1,"minecraft:big_dripleaf_stem":2,"k_turrets:titanium_ore":16,"minecraft:grass":15,"minecraft:coal_ore":13,"minecraft:cave_vines":3,"projectvibrantjourneys:short_grass":9,"minecraft:dirt":1,"minecraft:azalea":2,"minecraft:stone":76,"minecraft:small_dripleaf":1,"minecraft:oak_leaves":3,"farmersdelight:wild_potatoes":1,"create:crimsite":75,"minecraft:deepslate":1},"minecraft:custom":{"minecraft:interact_with_furnace":14,"minecraft:mob_kills":13,"minecraft:interact_with_crafting_table":11,"minecraft:damage_dealt_resisted":265,"minecraft:leave_game":10,"minecraft:time_since_death":6376,"minecraft:climb_one_cm":421,"minecraft:time_since_rest":6416,"minecraft:sprint_one_cm":133873,"minecraft:damage_taken":3575,"minecraft:walk_one_cm":57971,"minecraft:drop":19,"minecraft:damage_dealt":2688,"minecraft:player_kills":4,"minecraft:swim_one_cm":23074,"minecraft:fly_one_cm":76978,"minecraft:open_chest":5,"minecraft:crouch_one_cm":6813,"minecraft:play_time":74514,"minecraft:sneak_time":2758,"minecraft:deaths":13,"minecraft:walk_under_water_one_cm":2267,"minecraft:jump":1503,"minecraft:walk_on_water_one_cm":16592,"minecraft:total_world_time":74514,"minecraft:fall_one_cm":12290},"minecraft:killed":{"hordes:zombie_player":8,"minecraft:skeleton":1,"minecraft:zombie":1,"minecraft:drowned":1,"minecraft:enderman":1},"minecraft:broken":{"minecraft:stone_pickaxe":1,"minecraft:wooden_pickaxe":1},"minecraft:dropped":{"farmersdelight:iron_knife":1,"minecraft:wheat_seeds":5,"pointblank:m4sopmodii":1,"pointblank:glock17":2,"minecraft:cobblestone":22,"psg:raw_potassium":5,"minecraft:stick":6,"k_turrets:raw_titanium":7,"minecraft:wooden_pickaxe":1,"minecraft:stone_pickaxe":1}},"DataVersion":3465}