{"stats":{"minecraft:crafted":{"minecraft:oak_planks":32,"minecraft:furnace":5,"minecraft:cooked_mutton":5,"psg:potassium":2,"minecraft:stone_pickaxe":4,"minecraft:chest":2,"minecraft:cooked_beef":10,"minecraft:cooked_porkchop":7,"minecraft:crafting_table":2,"minecraft:spruce_planks":16,"minecraft:wooden_pickaxe":2,"minecraft:iron_sword":1,"minecraft:birch_planks":56,"minecraft:stone_axe":3,"minecraft:air":0,"minecraft:charcoal":11,"minecraft:stick":40,"minecraft:iron_ingot":10,"minecraft:iron_pickaxe":1,"minecraft:stone_sword":1,"minecraft:torch":12},"minecraft:killed_by":{"minecraft:player":4,"minecraft:creeper":1,"minecraft:enderman":1,"hordes:zombie_player":2,"mutantmonsters:mutant_creeper":1,"minecraft:skeleton":1,"minecraft:zombie":4},"minecraft:picked_up":{"minecraft:charcoal":9,"minecraft:crafting_table":11,"minecraft:coarse_dirt":7,"minecraft:clay_ball":72,"minecraft:brown_mushroom":2,"minecraft:wooden_pickaxe":3,"minecraft:shield":3,"minecraft:wooden_sword":3,"minecraft:azalea":1,"pointblank:tti_viper":1,"minecraft:iron_pickaxe":2,"minecraft:birch_sapling":5,"minecraft:furnace":12,"minecraft:stick":65,"minecraft:raw_iron":14,"minecraft:copper_ingot":3,"minecraft:big_dripleaf":11,"projectvibrantjourneys:bark_mushroom":9,"minecraft:torch":14,"minecraft:porkchop":28,"pointblank:gunmetal_nugget":58,"psg:sulphur":63,"minecraft:stone_sword":3,"minecraft:rotten_flesh":14,"minecraft:tropical_fish":7,"k_turrets:raw_titanium":22,"minecraft:glow_berries":3,"minecraft:mutton":11,"minecraft:white_wool":6,"minecraft:cobblestone":300,"minecraft:birch_log":25,"pointblank:m4sopmodii":6,"minecraft:cooked_beef":5,"minecraft:brown_wool":1,"minecraft:potato":3,"minecraft:birch_planks":39,"mutantsbuff:charged_hammer":1,"minecraft:oak_log":233,"minecraft:gunpowder":1,"psg:potassium":4,"minecraft:dirt":27,"minecraft:leather_boots":3,"minecraft:bone":2,"farmersdelight:iron_knife":1,"minecraft:apple":6,"minecraft:wheat_seeds":8,"minecraft:stone_pickaxe":5,"minecraft:iron_ingot":17,"minecraft:moss_block":65,"minecraft:iron_sword":1,"minecraft:flowering_azalea":1,"minecraft:oak_planks":16,"pointblank:glock17":4,"minecraft:cooked_porkchop":4,"minecraft:sweet_berries":14,"psg:raw_potassium":23,"minecraft:spruce_log":4,"alexsmobs:animal_dictionary":1,"create:crimsite":177,"minecraft:stone_axe":5,"minecraft:bread":13,"projectvibrantjourneys:orange_bark_mushroom":11,"minecraft:oak_sapling":68,"minecraft:coal":27,"minecraft:ender_pearl":3},"minecraft:used":{"minecraft:moss_block":5,"minecraft:stone_sword":28,"minecraft:chest":2,"minecraft:spruce_planks":2,"minecraft:iron_sword":11,"minecraft:torch":3,"minecraft:sweet_berries":16,"minecraft:furnace":5,"farmersdelight:iron_knife":15,"minecraft:cooked_mutton":2,"minecraft:birch_planks":1,"minecraft:stone_pickaxe":164,"minecraft:oak_planks":16,"minecraft:wooden_pickaxe":74,"minecraft:leather_boots":1,"minecraft:crafting_table":7,"minecraft:apple":2,"minecraft:bread":8,"minecraft:iron_pickaxe":13,"minecraft:brown_wool":1,"minecraft:stone_axe":161,"minecraft:wooden_sword":15,"minecraft:cobblestone":26,"alexsmobs:animal_dictionary":1,"minecraft:coarse_dirt":1},"minecraft:mined":{"psg:sulphur_ore":5,"minecraft:cave_vines_plant":2,"minecraft:grass_block":2,"minecraft:spruce_leaves":5,"minecraft:moss_block":22,"minecraft:large_fern":3,"minecraft:furnace":5,"minecraft:iron_ore":13,"minecraft:cobbled_deepslate":1,"minecraft:moss_carpet":1,"minecraft:big_dripleaf_stem":2,"minecraft:cave_vines":3,"minecraft:azalea":2,"minecraft:stone":85,"farmersdelight:wild_potatoes":1,"minecraft:flowering_azalea":3,"psg:potassium_ore":4,"minecraft:clay":7,"minecraft:crafting_table":6,"minecraft:torch":2,"minecraft:tall_grass":18,"minecraft:cobblestone":17,"minecraft:wall_torch":1,"minecraft:coarse_dirt":1,"minecraft:birch_log":17,"minecraft:sweet_berry_bush":8,"minecraft:spruce_log":4,"k_turrets:titanium_ore":16,"minecraft:grass":19,"minecraft:oak_log":98,"minecraft:coal_ore":13,"projectvibrantjourneys:short_grass":18,"minecraft:dirt":3,"minecraft:small_dripleaf":1,"create:crimsite":75,"minecraft:oak_leaves":8,"minecraft:deepslate":1},"minecraft:custom":{"minecraft:mob_kills":25,"minecraft:interact_with_crafting_table":14,"minecraft:damage_dealt_resisted":314,"minecraft:leave_game":13,"minecraft:time_since_death":1875,"minecraft:climb_one_cm":421,"minecraft:sprint_one_cm":185068,"minecraft:walk_one_cm":69459,"minecraft:drop":36,"minecraft:play_time":113204,"minecraft:deaths":15,"minecraft:sneak_time":3145,"minecraft:walk_under_water_one_cm":4620,"minecraft:jump":1777,"minecraft:walk_on_water_one_cm":19780,"minecraft:total_world_time":113204,"minecraft:interact_with_furnace":29,"minecraft:time_since_rest":2729,"minecraft:damage_taken":4250,"minecraft:damage_dealt":3628,"minecraft:swim_one_cm":146932,"minecraft:fly_one_cm":130600,"minecraft:player_kills":4,"minecraft:open_chest":5,"minecraft:crouch_one_cm":8529,"minecraft:fall_one_cm":23304},"minecraft:killed":{"hordes:zombie_player":8,"minecraft:skeleton":1,"minecraft:drowned":3,"minecraft:pig":7,"minecraft:sheep":3,"minecraft:zombie":1,"minecraft:enderman":1},"minecraft:broken":{"minecraft:wooden_pickaxe":1,"minecraft:stone_pickaxe":1},"minecraft:dropped":{"minecraft:iron_ingot":1,"farmersdelight:iron_knife":1,"minecraft:porkchop":8,"minecraft:wheat_seeds":5,"minecraft:cooked_beef":5,"minecraft:oak_log":64,"pointblank:m4sopmodii":2,"minecraft:crafting_table":1,"minecraft:cooked_porkchop":3,"pointblank:glock17":2,"minecraft:cobblestone":22,"minecraft:stick":26,"minecraft:mutton":3,"minecraft:furnace":3,"minecraft:stone_axe":1,"minecraft:stone_sword":1,"psg:raw_potassium":5,"minecraft:cooked_mutton":3,"minecraft:charcoal":6,"k_turrets:raw_titanium":7,"minecraft:wooden_pickaxe":1,"minecraft:stone_pickaxe":2}},"DataVersion":3465}