{"stats":{"minecraft:crafted":{"minecraft:cooked_beef":10,"minecraft:cooked_porkchop":7,"minecraft:crafting_table":2,"minecraft:spruce_planks":16,"minecraft:wooden_pickaxe":2,"minecraft:iron_sword":1,"minecraft:furnace":5,"minecraft:birch_planks":56,"minecraft:stone_axe":3,"minecraft:cooked_mutton":5,"minecraft:air":0,"minecraft:charcoal":11,"minecraft:stick":40,"psg:potassium":2,"minecraft:iron_ingot":10,"minecraft:iron_pickaxe":1,"minecraft:stone_pickaxe":4,"minecraft:stone_sword":1,"minecraft:chest":2,"minecraft:torch":12},"minecraft:killed_by":{"minecraft:player":3,"minecraft:skeleton":1,"minecraft:creeper":1,"minecraft:zombie":4,"minecraft:enderman":1,"hordes:zombie_player":2},"minecraft:picked_up":{"minecraft:birch_log":25,"pointblank:m4sopmodii":4,"minecraft:crafting_table":9,"minecraft:coarse_dirt":7,"minecraft:clay_ball":60,"minecraft:brown_wool":1,"minecraft:brown_mushroom":2,"minecraft:wooden_pickaxe":2,"minecraft:potato":2,"minecraft:birch_planks":39,"minecraft:oak_log":34,"minecraft:shield":3,"minecraft:gunpowder":1,"minecraft:dirt":18,"psg:potassium":4,"minecraft:wooden_sword":3,"minecraft:leather_boots":3,"minecraft:bone":2,"farmersdelight:iron_knife":1,"minecraft:apple":2,"minecraft:wheat_seeds":8,"minecraft:iron_ingot":16,"minecraft:stone_pickaxe":4,"minecraft:azalea":1,"minecraft:iron_pickaxe":2,"pointblank:tti_viper":1,"minecraft:moss_block":36,"minecraft:birch_sapling":4,"minecraft:iron_sword":1,"minecraft:flowering_azalea":1,"minecraft:furnace":9,"minecraft:stick":15,"minecraft:raw_iron":13,"pointblank:glock17":4,"minecraft:sweet_berries":14,"psg:raw_potassium":23,"minecraft:big_dripleaf":7,"minecraft:copper_ingot":3,"projectvibrantjourneys:bark_mushroom":4,"minecraft:torch":9,"minecraft:porkchop":12,"pointblank:gunmetal_nugget":50,"psg:sulphur":63,"minecraft:spruce_log":4,"alexsmobs:animal_dictionary":1,"minecraft:stone_sword":1,"create:crimsite":177,"minecraft:rotten_flesh":10,"minecraft:tropical_fish":7,"minecraft:stone_axe":3,"k_turrets:raw_titanium":22,"minecraft:charcoal":3,"minecraft:oak_sapling":9,"minecraft:bread":13,"minecraft:mutton":8,"projectvibrantjourneys:orange_bark_mushroom":1,"minecraft:glow_berries":3,"minecraft:coal":27,"minecraft:white_wool":2,"minecraft:cobblestone":287,"minecraft:ender_pearl":3},"minecraft:used":{"minecraft:moss_block":4,"farmersdelight:iron_knife":15,"minecraft:stone_sword":16,"minecraft:stone_pickaxe":156,"minecraft:chest":2,"minecraft:wooden_pickaxe":74,"minecraft:iron_sword":11,"minecraft:leather_boots":1,"minecraft:torch":2,"minecraft:crafting_table":7,"minecraft:apple":2,"minecraft:bread":8,"minecraft:iron_pickaxe":13,"minecraft:wooden_sword":15,"minecraft:stone_axe":93,"minecraft:cobblestone":26,"minecraft:sweet_berries":16,"minecraft:furnace":5,"alexsmobs:animal_dictionary":1,"minecraft:cooked_mutton":1},"minecraft:mined":{"minecraft:flowering_azalea":3,"psg:potassium_ore":4,"minecraft:clay":7,"psg:sulphur_ore":5,"minecraft:crafting_table":6,"minecraft:torch":1,"minecraft:cave_vines_plant":2,"minecraft:grass_block":1,"minecraft:tall_grass":18,"minecraft:cobblestone":17,"minecraft:spruce_leaves":5,"minecraft:moss_block":22,"minecraft:wall_torch":1,"minecraft:large_fern":3,"minecraft:coarse_dirt":1,"minecraft:furnace":5,"minecraft:birch_log":17,"minecraft:iron_ore":13,"minecraft:sweet_berry_bush":8,"minecraft:cobbled_deepslate":1,"minecraft:spruce_log":4,"minecraft:moss_carpet":1,"minecraft:big_dripleaf_stem":2,"minecraft:oak_log":34,"minecraft:grass":19,"k_turrets:titanium_ore":16,"minecraft:coal_ore":13,"minecraft:cave_vines":3,"projectvibrantjourneys:short_grass":14,"minecraft:dirt":1,"minecraft:azalea":2,"minecraft:stone":77,"minecraft:small_dripleaf":1,"minecraft:oak_leaves":3,"create:crimsite":75,"minecraft:deepslate":1,"farmersdelight:wild_potatoes":1},"minecraft:custom":{"minecraft:interact_with_furnace":29,"minecraft:mob_kills":18,"minecraft:interact_with_crafting_table":14,"minecraft:damage_dealt_resisted":265,"minecraft:leave_game":10,"minecraft:time_since_death":17558,"minecraft:climb_one_cm":421,"minecraft:time_since_rest":17598,"minecraft:sprint_one_cm":163263,"minecraft:damage_taken":3645,"minecraft:walk_one_cm":62977,"minecraft:drop":24,"minecraft:damage_dealt":3128,"minecraft:player_kills":4,"minecraft:swim_one_cm":29164,"minecraft:fly_one_cm":118369,"minecraft:open_chest":5,"minecraft:crouch_one_cm":6813,"minecraft:play_time":85696,"minecraft:sneak_time":2758,"minecraft:deaths":13,"minecraft:walk_under_water_one_cm":2736,"minecraft:jump":1689,"minecraft:walk_on_water_one_cm":17067,"minecraft:fall_one_cm":21193,"minecraft:total_world_time":85696},"minecraft:killed":{"minecraft:pig":2,"hordes:zombie_player":8,"minecraft:sheep":3,"minecraft:skeleton":1,"minecraft:zombie":1,"minecraft:drowned":1,"minecraft:enderman":1},"minecraft:broken":{"minecraft:stone_pickaxe":1,"minecraft:wooden_pickaxe":1},"minecraft:dropped":{"farmersdelight:iron_knife":1,"minecraft:wheat_seeds":5,"minecraft:cooked_beef":5,"pointblank:m4sopmodii":1,"minecraft:cooked_porkchop":3,"pointblank:glock17":2,"minecraft:cobblestone":22,"psg:raw_potassium":5,"minecraft:cooked_mutton":3,"minecraft:stick":6,"k_turrets:raw_titanium":7,"minecraft:wooden_pickaxe":1,"minecraft:stone_pickaxe":1}},"DataVersion":3465}